id,class
0.jpg,dog
1.jpg,horse
2.jpg,chicken
3.jpg,squirrel
4.jpg,cow
5.jpg,chicken
6.jpg,sheep
7.jpg,spider
8.jpg,chicken
9.jpg,butterfly
10.jpg,sheep
11.jpg,horse
12.jpg,elephant
13.jpg,chicken
14.jpg,horse
15.jpg,chicken
16.jpg,horse
17.jpg,dog
18.jpg,sheep
19.jpg,dog
20.jpg,sheep
21.jpg,chicken
22.jpg,spider
23.jpg,squirrel
24.jpg,cow
25.jpg,chicken
26.jpg,horse
27.jpg,cat
28.jpg,chicken
29.jpg,horse
30.jpg,horse
31.jpg,butterfly
32.jpg,spider
33.jpg,elephant
34.jpg,butterfly
35.jpg,spider
36.jpg,dog
37.jpg,butterfly
38.jpg,sheep
39.jpg,spider
40.jpg,sheep
41.jpg,elephant
42.jpg,spider
43.jpg,elephant
44.jpg,butterfly
45.jpg,cat
46.jpg,sheep
47.jpg,elephant
48.jpg,butterfly
49.jpg,horse
50.jpg,cow
51.jpg,chicken
52.jpg,butterfly
53.jpg,squirrel
54.jpg,sheep
55.jpg,butterfly
56.jpg,cow
57.jpg,chicken
58.jpg,butterfly
59.jpg,cat
60.jpg,spider
61.jpg,horse
62.jpg,horse
63.jpg,elephant
64.jpg,spider
65.jpg,spider
66.jpg,chicken
67.jpg,chicken
68.jpg,sheep
69.jpg,elephant
70.jpg,chicken
71.jpg,cow
72.jpg,spider
73.jpg,cat
74.jpg,dog
75.jpg,dog
76.jpg,elephant
77.jpg,chicken
78.jpg,chicken
79.jpg,spider
80.jpg,dog
81.jpg,dog
82.jpg,chicken
83.jpg,spider
84.jpg,squirrel
85.jpg,dog
86.jpg,dog
87.jpg,cow
88.jpg,elephant
89.jpg,dog
90.jpg,sheep
91.jpg,butterfly
92.jpg,cat
93.jpg,chicken
94.jpg,cat
95.jpg,spider
96.jpg,spider
97.jpg,sheep
98.jpg,spider
99.jpg,horse
100.jpg,spider
101.jpg,horse
102.jpg,chicken
103.jpg,spider
104.jpg,dog
105.jpg,horse
106.jpg,squirrel
107.jpg,sheep
108.jpg,cow
109.jpg,sheep
110.jpg,dog
111.jpg,horse
112.jpg,dog
113.jpg,butterfly
114.jpg,dog
115.jpg,chicken
116.jpg,sheep
117.jpg,sheep
118.jpg,chicken
119.jpg,dog
120.jpg,spider
121.jpg,chicken
122.jpg,sheep
123.jpg,butterfly
124.jpg,dog
125.jpg,butterfly
126.jpg,sheep
127.jpg,chicken
128.jpg,cat
129.jpg,sheep
130.jpg,horse
131.jpg,spider
132.jpg,dog
133.jpg,sheep
134.jpg,chicken
135.jpg,spider
136.jpg,horse
137.jpg,chicken
138.jpg,cow
139.jpg,chicken
140.jpg,elephant
141.jpg,sheep
142.jpg,butterfly
143.jpg,spider
144.jpg,cow
145.jpg,elephant
146.jpg,horse
147.jpg,sheep
148.jpg,elephant
149.jpg,chicken
150.jpg,spider
151.jpg,cow
152.jpg,horse
153.jpg,butterfly
154.jpg,horse
155.jpg,elephant
156.jpg,horse
157.jpg,elephant
158.jpg,spider
159.jpg,sheep
160.jpg,elephant
161.jpg,butterfly
162.jpg,butterfly
163.jpg,cow
164.jpg,elephant
165.jpg,horse
166.jpg,cow
167.jpg,spider
168.jpg,horse
169.jpg,cat
170.jpg,butterfly
171.jpg,elephant
172.jpg,spider
173.jpg,cat
174.jpg,dog
175.jpg,butterfly
176.jpg,elephant
177.jpg,horse
178.jpg,dog
179.jpg,elephant
180.jpg,cow
181.jpg,horse
182.jpg,cow
183.jpg,cow
184.jpg,cat
185.jpg,elephant
186.jpg,cow
187.jpg,horse
188.jpg,horse
189.jpg,dog
190.jpg,squirrel
191.jpg,chicken
192.jpg,butterfly
193.jpg,dog
194.jpg,horse
195.jpg,horse
196.jpg,spider
197.jpg,chicken
198.jpg,cow
199.jpg,cow
200.jpg,chicken
201.jpg,spider
202.jpg,cow
203.jpg,dog
204.jpg,squirrel
205.jpg,dog
206.jpg,horse
207.jpg,dog
208.jpg,horse
209.jpg,chicken
210.jpg,cow
211.jpg,dog
212.jpg,spider
213.jpg,butterfly
214.jpg,horse
215.jpg,cat
216.jpg,horse
217.jpg,chicken
218.jpg,chicken
219.jpg,spider
220.jpg,elephant
221.jpg,sheep
222.jpg,butterfly
223.jpg,spider
224.jpg,spider
225.jpg,horse
226.jpg,chicken
227.jpg,horse
228.jpg,spider
229.jpg,spider
230.jpg,spider
231.jpg,dog
232.jpg,sheep
233.jpg,spider
234.jpg,chicken
235.jpg,elephant
236.jpg,butterfly
237.jpg,cow
238.jpg,squirrel
239.jpg,sheep
240.jpg,spider
241.jpg,spider
242.jpg,cat
243.jpg,spider
244.jpg,cow
245.jpg,elephant
246.jpg,sheep
247.jpg,dog
248.jpg,butterfly
249.jpg,sheep
250.jpg,spider
251.jpg,butterfly
252.jpg,spider
253.jpg,dog
254.jpg,sheep
255.jpg,butterfly
256.jpg,spider
257.jpg,squirrel
258.jpg,spider
259.jpg,horse
260.jpg,cat
261.jpg,spider
262.jpg,spider
263.jpg,dog
264.jpg,spider
265.jpg,chicken
266.jpg,cow
267.jpg,elephant
268.jpg,horse
269.jpg,chicken
270.jpg,butterfly
271.jpg,horse
272.jpg,butterfly
273.jpg,spider
274.jpg,chicken
275.jpg,chicken
276.jpg,sheep
277.jpg,squirrel
278.jpg,squirrel
279.jpg,chicken
280.jpg,squirrel
281.jpg,butterfly
282.jpg,dog
283.jpg,dog
284.jpg,dog
285.jpg,spider
286.jpg,chicken
287.jpg,chicken
288.jpg,horse
289.jpg,dog
290.jpg,squirrel
291.jpg,cow
292.jpg,butterfly
293.jpg,horse
294.jpg,dog
295.jpg,butterfly
296.jpg,dog
297.jpg,butterfly
298.jpg,horse
299.jpg,elephant
300.jpg,cat
301.jpg,cow
302.jpg,horse
303.jpg,horse
304.jpg,spider
305.jpg,dog
306.jpg,horse
307.jpg,cow
308.jpg,dog
309.jpg,cat
310.jpg,dog
311.jpg,elephant
312.jpg,squirrel
313.jpg,butterfly
314.jpg,butterfly
315.jpg,elephant
316.jpg,sheep
317.jpg,dog
318.jpg,chicken
319.jpg,elephant
320.jpg,dog
321.jpg,cow
322.jpg,spider
323.jpg,butterfly
324.jpg,spider
325.jpg,cow
326.jpg,cow
327.jpg,cow
328.jpg,spider
329.jpg,chicken
330.jpg,squirrel
331.jpg,elephant
332.jpg,horse
333.jpg,elephant
334.jpg,dog
335.jpg,sheep
336.jpg,sheep
337.jpg,chicken
338.jpg,horse
339.jpg,dog
340.jpg,dog
341.jpg,butterfly
342.jpg,horse
343.jpg,spider
344.jpg,cow
345.jpg,chicken
346.jpg,elephant
347.jpg,butterfly
348.jpg,spider
349.jpg,butterfly
350.jpg,spider
351.jpg,squirrel
352.jpg,chicken
353.jpg,sheep
354.jpg,horse
355.jpg,dog
356.jpg,cat
357.jpg,sheep
358.jpg,squirrel
359.jpg,dog
360.jpg,spider
361.jpg,sheep
362.jpg,butterfly
363.jpg,butterfly
364.jpg,butterfly
365.jpg,spider
366.jpg,spider
367.jpg,dog
368.jpg,squirrel
369.jpg,horse
370.jpg,squirrel
371.jpg,chicken
372.jpg,dog
373.jpg,elephant
374.jpg,horse
375.jpg,sheep
376.jpg,spider
377.jpg,butterfly
378.jpg,cat
379.jpg,squirrel
380.jpg,horse
381.jpg,chicken
382.jpg,cat
383.jpg,sheep
384.jpg,spider
385.jpg,dog
386.jpg,sheep
387.jpg,chicken
388.jpg,squirrel
389.jpg,sheep
390.jpg,squirrel
391.jpg,butterfly
392.jpg,squirrel
393.jpg,elephant
394.jpg,spider
395.jpg,cat
396.jpg,dog
397.jpg,spider
398.jpg,butterfly
399.jpg,dog
400.jpg,cow
401.jpg,elephant
402.jpg,spider
403.jpg,dog
404.jpg,squirrel
405.jpg,sheep
406.jpg,chicken
407.jpg,chicken
408.jpg,butterfly
409.jpg,dog
410.jpg,dog
411.jpg,butterfly
412.jpg,spider
413.jpg,spider
414.jpg,elephant
415.jpg,squirrel
416.jpg,dog
417.jpg,squirrel
418.jpg,butterfly
419.jpg,dog
420.jpg,cow
421.jpg,butterfly
422.jpg,elephant
423.jpg,spider
424.jpg,cow
425.jpg,horse
426.jpg,spider
427.jpg,spider
428.jpg,horse
429.jpg,spider
430.jpg,butterfly
431.jpg,chicken
432.jpg,cow
433.jpg,spider
434.jpg,horse
435.jpg,elephant
436.jpg,squirrel
437.jpg,chicken
438.jpg,dog
439.jpg,cat
440.jpg,dog
441.jpg,squirrel
442.jpg,dog
443.jpg,chicken
444.jpg,chicken
445.jpg,elephant
446.jpg,chicken
447.jpg,dog
448.jpg,dog
449.jpg,spider
450.jpg,sheep
451.jpg,cat
452.jpg,chicken
453.jpg,dog
454.jpg,butterfly
455.jpg,dog
456.jpg,squirrel
457.jpg,chicken
458.jpg,cow
459.jpg,squirrel
460.jpg,cow
461.jpg,spider
462.jpg,spider
463.jpg,cow
464.jpg,elephant
465.jpg,dog
466.jpg,sheep
467.jpg,cow
468.jpg,spider
469.jpg,horse
470.jpg,cow
471.jpg,squirrel
472.jpg,squirrel
473.jpg,butterfly
474.jpg,elephant
475.jpg,cat
476.jpg,elephant
477.jpg,cow
478.jpg,dog
479.jpg,cow
480.jpg,dog
481.jpg,cow
482.jpg,chicken
483.jpg,butterfly
484.jpg,spider
485.jpg,elephant
486.jpg,squirrel
487.jpg,squirrel
488.jpg,elephant
489.jpg,butterfly
490.jpg,butterfly
491.jpg,dog
492.jpg,chicken
493.jpg,chicken
494.jpg,cat
495.jpg,cow
496.jpg,butterfly
497.jpg,sheep
498.jpg,chicken
499.jpg,dog
500.jpg,cat
501.jpg,horse
502.jpg,squirrel
503.jpg,horse
504.jpg,sheep
505.jpg,chicken
506.jpg,sheep
507.jpg,cow
508.jpg,elephant
509.jpg,horse
510.jpg,chicken
511.jpg,butterfly
512.jpg,horse
513.jpg,cat
514.jpg,squirrel
515.jpg,dog
516.jpg,butterfly
517.jpg,horse
518.jpg,spider
519.jpg,dog
520.jpg,cow
521.jpg,cow
522.jpg,chicken
523.jpg,sheep
524.jpg,butterfly
525.jpg,horse
526.jpg,sheep
527.jpg,squirrel
528.jpg,butterfly
529.jpg,sheep
530.jpg,elephant
531.jpg,dog
532.jpg,sheep
533.jpg,butterfly
534.jpg,cow
535.jpg,elephant
536.jpg,butterfly
537.jpg,spider
538.jpg,horse
539.jpg,horse
540.jpg,horse
541.jpg,spider
542.jpg,squirrel
543.jpg,horse
544.jpg,spider
545.jpg,sheep
546.jpg,horse
547.jpg,butterfly
548.jpg,butterfly
549.jpg,cow
550.jpg,elephant
551.jpg,cat
552.jpg,dog
553.jpg,elephant
554.jpg,horse
555.jpg,butterfly
556.jpg,squirrel
557.jpg,butterfly
558.jpg,dog
559.jpg,spider
560.jpg,dog
561.jpg,butterfly
562.jpg,dog
563.jpg,butterfly
564.jpg,horse
565.jpg,cow
566.jpg,horse
567.jpg,sheep
568.jpg,elephant
569.jpg,cow
570.jpg,squirrel
571.jpg,spider
572.jpg,horse
573.jpg,horse
574.jpg,spider
575.jpg,elephant
576.jpg,elephant
577.jpg,cow
578.jpg,spider
579.jpg,dog
580.jpg,elephant
581.jpg,butterfly
582.jpg,sheep
583.jpg,horse
584.jpg,horse
585.jpg,squirrel
586.jpg,cow
587.jpg,cow
588.jpg,chicken
589.jpg,dog
590.jpg,dog
591.jpg,cat
592.jpg,spider
593.jpg,cow
594.jpg,dog
595.jpg,butterfly
596.jpg,cow
597.jpg,horse
598.jpg,sheep
599.jpg,squirrel
600.jpg,chicken
601.jpg,cow
602.jpg,cow
603.jpg,spider
604.jpg,elephant
605.jpg,cat
606.jpg,squirrel
607.jpg,spider
608.jpg,chicken
609.jpg,butterfly
610.jpg,chicken
611.jpg,butterfly
612.jpg,cow
613.jpg,sheep
614.jpg,sheep
615.jpg,horse
616.jpg,dog
617.jpg,spider
618.jpg,elephant
619.jpg,elephant
620.jpg,sheep
621.jpg,dog
622.jpg,elephant
623.jpg,horse
624.jpg,cow
625.jpg,elephant
626.jpg,spider
627.jpg,butterfly
628.jpg,butterfly
629.jpg,spider
630.jpg,horse
631.jpg,spider
632.jpg,dog
633.jpg,squirrel
634.jpg,cow
635.jpg,squirrel
636.jpg,chicken
637.jpg,chicken
638.jpg,butterfly
639.jpg,butterfly
640.jpg,cat
641.jpg,chicken
642.jpg,chicken
643.jpg,chicken
644.jpg,squirrel
645.jpg,sheep
646.jpg,chicken
647.jpg,dog
648.jpg,dog
649.jpg,cat
650.jpg,elephant
651.jpg,squirrel
652.jpg,elephant
653.jpg,horse
654.jpg,dog
655.jpg,cow
656.jpg,butterfly
657.jpg,dog
658.jpg,squirrel
659.jpg,horse
660.jpg,elephant
661.jpg,dog
662.jpg,spider
663.jpg,spider
664.jpg,spider
665.jpg,dog
666.jpg,sheep
667.jpg,dog
668.jpg,spider
669.jpg,dog
670.jpg,dog
671.jpg,chicken
672.jpg,elephant
673.jpg,spider
674.jpg,horse
675.jpg,sheep
676.jpg,squirrel
677.jpg,cow
678.jpg,cow
679.jpg,dog
680.jpg,horse
681.jpg,horse
682.jpg,dog
683.jpg,dog
684.jpg,dog
685.jpg,elephant
686.jpg,dog
687.jpg,butterfly
688.jpg,butterfly
689.jpg,spider
690.jpg,cow
691.jpg,cow
692.jpg,dog
693.jpg,sheep
694.jpg,sheep
695.jpg,cat
696.jpg,sheep
697.jpg,cat
698.jpg,dog
699.jpg,spider
700.jpg,dog
701.jpg,squirrel
702.jpg,dog
703.jpg,sheep
704.jpg,dog
705.jpg,chicken
706.jpg,dog
707.jpg,dog
708.jpg,elephant
709.jpg,horse
710.jpg,spider
711.jpg,chicken
712.jpg,sheep
713.jpg,squirrel
714.jpg,cat
715.jpg,horse
716.jpg,horse
717.jpg,butterfly
718.jpg,horse
719.jpg,cow
720.jpg,elephant
721.jpg,dog
722.jpg,horse
723.jpg,elephant
724.jpg,dog
725.jpg,squirrel
726.jpg,horse
727.jpg,spider
728.jpg,squirrel
729.jpg,elephant
730.jpg,dog
731.jpg,butterfly
732.jpg,chicken
733.jpg,spider
734.jpg,chicken
735.jpg,dog
736.jpg,cow
737.jpg,sheep
738.jpg,spider
739.jpg,elephant
740.jpg,elephant
741.jpg,butterfly
742.jpg,horse
743.jpg,spider
744.jpg,spider
745.jpg,dog
746.jpg,cow
747.jpg,butterfly
748.jpg,cat
749.jpg,chicken
750.jpg,sheep
751.jpg,cow
752.jpg,horse
753.jpg,chicken
754.jpg,sheep
755.jpg,butterfly
756.jpg,spider
757.jpg,cow
758.jpg,chicken
759.jpg,horse
760.jpg,dog
761.jpg,dog
762.jpg,cow
763.jpg,butterfly
764.jpg,elephant
765.jpg,sheep
766.jpg,squirrel
767.jpg,cow
768.jpg,butterfly
769.jpg,spider
770.jpg,spider
771.jpg,dog
772.jpg,dog
773.jpg,squirrel
774.jpg,butterfly
775.jpg,butterfly
776.jpg,cow
777.jpg,squirrel
778.jpg,elephant
779.jpg,squirrel
780.jpg,dog
781.jpg,butterfly
782.jpg,chicken
783.jpg,sheep
784.jpg,cow
785.jpg,dog
786.jpg,dog
787.jpg,sheep
788.jpg,dog
789.jpg,chicken
790.jpg,dog
791.jpg,dog
792.jpg,horse
793.jpg,horse
794.jpg,elephant
795.jpg,cat
796.jpg,chicken
797.jpg,dog
798.jpg,spider
799.jpg,horse
800.jpg,butterfly
801.jpg,spider
802.jpg,chicken
803.jpg,squirrel
804.jpg,horse
805.jpg,squirrel
806.jpg,elephant
807.jpg,elephant
808.jpg,elephant
809.jpg,squirrel
810.jpg,cat
811.jpg,squirrel
812.jpg,horse
813.jpg,cow
814.jpg,horse
815.jpg,dog
816.jpg,horse
817.jpg,horse
818.jpg,elephant
819.jpg,sheep
820.jpg,sheep
821.jpg,sheep
822.jpg,cow
823.jpg,spider
824.jpg,spider
825.jpg,cow
826.jpg,cow
827.jpg,chicken
828.jpg,horse
829.jpg,cow
830.jpg,sheep
831.jpg,squirrel
832.jpg,chicken
833.jpg,spider
834.jpg,spider
835.jpg,sheep
836.jpg,chicken
837.jpg,horse
838.jpg,squirrel
839.jpg,spider
840.jpg,sheep
841.jpg,chicken
842.jpg,cow
843.jpg,cat
844.jpg,elephant
845.jpg,chicken
846.jpg,sheep
847.jpg,squirrel
848.jpg,dog
849.jpg,butterfly
850.jpg,cow
851.jpg,sheep
852.jpg,horse
853.jpg,butterfly
854.jpg,horse
855.jpg,cat
856.jpg,cow
857.jpg,squirrel
858.jpg,squirrel
859.jpg,elephant
860.jpg,cat
861.jpg,horse
862.jpg,spider
863.jpg,cow
864.jpg,squirrel
865.jpg,sheep
866.jpg,chicken
867.jpg,dog
868.jpg,butterfly
869.jpg,horse
870.jpg,spider
871.jpg,spider
872.jpg,spider
873.jpg,squirrel
874.jpg,squirrel
875.jpg,butterfly
876.jpg,chicken
877.jpg,spider
878.jpg,cow
879.jpg,dog
880.jpg,dog
881.jpg,dog
882.jpg,spider
883.jpg,chicken
884.jpg,spider
885.jpg,squirrel
886.jpg,sheep
887.jpg,spider
888.jpg,chicken
889.jpg,elephant
890.jpg,butterfly
891.jpg,spider
892.jpg,squirrel
893.jpg,horse
894.jpg,butterfly
895.jpg,dog
896.jpg,squirrel
897.jpg,horse
898.jpg,chicken
899.jpg,spider
900.jpg,dog
901.jpg,horse
902.jpg,butterfly
903.jpg,spider
904.jpg,cat
905.jpg,spider
906.jpg,cow
907.jpg,dog
908.jpg,sheep
909.jpg,chicken
910.jpg,sheep
911.jpg,cow
912.jpg,sheep
913.jpg,horse
914.jpg,spider
915.jpg,butterfly
916.jpg,cow
917.jpg,chicken
918.jpg,chicken
919.jpg,horse
920.jpg,spider
921.jpg,butterfly
922.jpg,horse
923.jpg,elephant
924.jpg,spider
925.jpg,dog
926.jpg,butterfly
927.jpg,cow
928.jpg,chicken
929.jpg,squirrel
930.jpg,dog
931.jpg,butterfly
932.jpg,dog
933.jpg,cat
934.jpg,dog
935.jpg,cow
936.jpg,dog
937.jpg,dog
938.jpg,spider
939.jpg,cow
940.jpg,cat
941.jpg,elephant
942.jpg,squirrel
943.jpg,butterfly
944.jpg,sheep
945.jpg,squirrel
946.jpg,cow
947.jpg,spider
948.jpg,squirrel
949.jpg,elephant
950.jpg,butterfly
951.jpg,squirrel
952.jpg,chicken
953.jpg,dog
954.jpg,squirrel
955.jpg,elephant
956.jpg,dog
957.jpg,sheep
958.jpg,cat
959.jpg,elephant
960.jpg,chicken
961.jpg,butterfly
962.jpg,dog
963.jpg,chicken
964.jpg,butterfly
965.jpg,squirrel
966.jpg,dog
967.jpg,dog
968.jpg,butterfly
969.jpg,elephant
970.jpg,butterfly
971.jpg,chicken
972.jpg,butterfly
973.jpg,spider
974.jpg,chicken
975.jpg,elephant
976.jpg,elephant
977.jpg,chicken
978.jpg,spider
979.jpg,squirrel
980.jpg,spider
981.jpg,squirrel
982.jpg,chicken
983.jpg,cow
984.jpg,elephant
985.jpg,cat
986.jpg,cow
987.jpg,sheep
988.jpg,chicken
989.jpg,horse
990.jpg,horse
991.jpg,butterfly
992.jpg,cow
993.jpg,dog
994.jpg,butterfly
995.jpg,spider
996.jpg,cow
997.jpg,dog
998.jpg,sheep
999.jpg,chicken
1000.jpg,elephant
1001.jpg,cow
1002.jpg,dog
1003.jpg,spider
1004.jpg,dog
1005.jpg,butterfly
1006.jpg,sheep
1007.jpg,chicken
1008.jpg,sheep
1009.jpg,horse
1010.jpg,butterfly
1011.jpg,dog
1012.jpg,spider
1013.jpg,spider
1014.jpg,sheep
1015.jpg,cat
1016.jpg,butterfly
1017.jpg,spider
1018.jpg,elephant
1019.jpg,chicken
1020.jpg,horse
1021.jpg,horse
1022.jpg,sheep
1023.jpg,squirrel
1024.jpg,elephant
1025.jpg,butterfly
1026.jpg,elephant
1027.jpg,sheep
1028.jpg,elephant
1029.jpg,dog
1030.jpg,dog
1031.jpg,cow
1032.jpg,spider
1033.jpg,spider
1034.jpg,horse
1035.jpg,horse
1036.jpg,squirrel
1037.jpg,spider
1038.jpg,sheep
1039.jpg,sheep
1040.jpg,chicken
1041.jpg,sheep
1042.jpg,cat
1043.jpg,horse
1044.jpg,spider
1045.jpg,butterfly
1046.jpg,chicken
1047.jpg,elephant
1048.jpg,spider
1049.jpg,chicken
1050.jpg,cow
1051.jpg,sheep
1052.jpg,sheep
1053.jpg,dog
1054.jpg,horse
1055.jpg,butterfly
1056.jpg,cat
1057.jpg,sheep
1058.jpg,spider
1059.jpg,sheep
1060.jpg,dog
1061.jpg,chicken
1062.jpg,dog
1063.jpg,butterfly
1064.jpg,elephant
1065.jpg,chicken
1066.jpg,cat
1067.jpg,elephant
1068.jpg,sheep
1069.jpg,butterfly
1070.jpg,horse
1071.jpg,chicken
1072.jpg,horse
1073.jpg,butterfly
1074.jpg,cow
1075.jpg,squirrel
1076.jpg,chicken
1077.jpg,dog
1078.jpg,dog
1079.jpg,dog
1080.jpg,cat
1081.jpg,horse
1082.jpg,butterfly
1083.jpg,dog
1084.jpg,butterfly
1085.jpg,spider
1086.jpg,chicken
1087.jpg,horse
1088.jpg,spider
1089.jpg,elephant
1090.jpg,chicken
1091.jpg,squirrel
1092.jpg,butterfly
1093.jpg,spider
1094.jpg,elephant
1095.jpg,dog
1096.jpg,chicken
1097.jpg,butterfly
1098.jpg,squirrel
1099.jpg,squirrel
1100.jpg,spider
1101.jpg,elephant
1102.jpg,cow
1103.jpg,cat
1104.jpg,chicken
1105.jpg,spider
1106.jpg,sheep
1107.jpg,sheep
1108.jpg,horse
1109.jpg,spider
1110.jpg,sheep
1111.jpg,chicken
1112.jpg,butterfly
1113.jpg,chicken
1114.jpg,cow
1115.jpg,dog
1116.jpg,chicken
1117.jpg,horse
1118.jpg,spider
1119.jpg,chicken
1120.jpg,cow
1121.jpg,sheep
1122.jpg,spider
1123.jpg,chicken
1124.jpg,dog
1125.jpg,cow
1126.jpg,dog
1127.jpg,squirrel
1128.jpg,dog
1129.jpg,cow
1130.jpg,chicken
1131.jpg,spider
1132.jpg,horse
1133.jpg,butterfly
1134.jpg,dog
1135.jpg,spider
1136.jpg,horse
1137.jpg,horse
1138.jpg,horse
1139.jpg,spider
1140.jpg,dog
1141.jpg,chicken
1142.jpg,spider
1143.jpg,cow
1144.jpg,cow
1145.jpg,sheep
1146.jpg,elephant
1147.jpg,spider
1148.jpg,spider
1149.jpg,cow
1150.jpg,spider
1151.jpg,dog
1152.jpg,cow
1153.jpg,spider
1154.jpg,butterfly
1155.jpg,dog
1156.jpg,horse
1157.jpg,dog
1158.jpg,sheep
1159.jpg,squirrel
1160.jpg,spider
1161.jpg,dog
1162.jpg,squirrel
1163.jpg,sheep
1164.jpg,chicken
1165.jpg,butterfly
1166.jpg,spider
1167.jpg,squirrel
1168.jpg,chicken
1169.jpg,sheep
1170.jpg,sheep
1171.jpg,elephant
1172.jpg,cow
1173.jpg,squirrel
1174.jpg,dog
1175.jpg,horse
1176.jpg,dog
1177.jpg,spider
1178.jpg,chicken
1179.jpg,horse
1180.jpg,horse
1181.jpg,spider
1182.jpg,spider
1183.jpg,spider
1184.jpg,elephant
1185.jpg,butterfly
1186.jpg,dog
1187.jpg,butterfly
1188.jpg,butterfly
1189.jpg,dog
1190.jpg,sheep
1191.jpg,butterfly
1192.jpg,cow
1193.jpg,squirrel
1194.jpg,horse
1195.jpg,spider
1196.jpg,horse
1197.jpg,horse
1198.jpg,horse
1199.jpg,chicken
1200.jpg,horse
1201.jpg,horse
1202.jpg,spider
1203.jpg,squirrel
1204.jpg,butterfly
1205.jpg,chicken
1206.jpg,cat
1207.jpg,cow
1208.jpg,spider
1209.jpg,elephant
1210.jpg,dog
1211.jpg,squirrel
1212.jpg,dog
1213.jpg,cat
1214.jpg,spider
1215.jpg,dog
1216.jpg,spider
1217.jpg,cow
1218.jpg,dog
1219.jpg,spider
1220.jpg,dog
1221.jpg,sheep
1222.jpg,horse
1223.jpg,squirrel
1224.jpg,chicken
1225.jpg,butterfly
1226.jpg,dog
1227.jpg,spider
1228.jpg,dog
1229.jpg,squirrel
1230.jpg,horse
1231.jpg,chicken
1232.jpg,spider
1233.jpg,spider
1234.jpg,spider
1235.jpg,chicken
1236.jpg,butterfly
1237.jpg,sheep
1238.jpg,chicken
1239.jpg,dog
1240.jpg,cow
1241.jpg,elephant
1242.jpg,cat
1243.jpg,chicken
1244.jpg,dog
1245.jpg,chicken
1246.jpg,butterfly
1247.jpg,horse
1248.jpg,dog
1249.jpg,sheep
1250.jpg,dog
1251.jpg,dog
1252.jpg,horse
1253.jpg,butterfly
1254.jpg,butterfly
1255.jpg,chicken
1256.jpg,sheep
1257.jpg,squirrel
1258.jpg,squirrel
1259.jpg,dog
1260.jpg,squirrel
1261.jpg,sheep
1262.jpg,cow
1263.jpg,squirrel
1264.jpg,squirrel
1265.jpg,cow
1266.jpg,dog
1267.jpg,chicken
1268.jpg,dog
1269.jpg,dog
1270.jpg,cat
1271.jpg,horse
1272.jpg,dog
1273.jpg,spider
1274.jpg,sheep
1275.jpg,horse
1276.jpg,dog
1277.jpg,cat
1278.jpg,squirrel
1279.jpg,chicken
1280.jpg,horse
1281.jpg,squirrel
1282.jpg,horse
1283.jpg,sheep
1284.jpg,chicken
1285.jpg,butterfly
1286.jpg,sheep
1287.jpg,chicken
1288.jpg,cat
1289.jpg,dog
1290.jpg,dog
1291.jpg,dog
1292.jpg,horse
1293.jpg,horse
1294.jpg,butterfly
1295.jpg,elephant
1296.jpg,cat
1297.jpg,sheep
1298.jpg,squirrel
1299.jpg,horse
1300.jpg,cow
1301.jpg,sheep
1302.jpg,butterfly
1303.jpg,squirrel
1304.jpg,chicken
1305.jpg,dog
1306.jpg,cow
1307.jpg,chicken
1308.jpg,butterfly
1309.jpg,horse
1310.jpg,squirrel
1311.jpg,horse
1312.jpg,spider
1313.jpg,spider
1314.jpg,chicken
1315.jpg,cow
1316.jpg,squirrel
1317.jpg,dog
1318.jpg,spider
1319.jpg,spider
1320.jpg,spider
1321.jpg,spider
1322.jpg,butterfly
1323.jpg,sheep
1324.jpg,cow
1325.jpg,horse
1326.jpg,spider
1327.jpg,horse
1328.jpg,elephant
1329.jpg,chicken
1330.jpg,spider
1331.jpg,elephant
1332.jpg,squirrel
1333.jpg,dog
1334.jpg,spider
1335.jpg,butterfly
1336.jpg,butterfly
1337.jpg,elephant
1338.jpg,squirrel
1339.jpg,butterfly
1340.jpg,squirrel
1341.jpg,butterfly
1342.jpg,spider
1343.jpg,cow
1344.jpg,horse
1345.jpg,spider
1346.jpg,butterfly
1347.jpg,horse
1348.jpg,cat
1349.jpg,sheep
1350.jpg,squirrel
1351.jpg,horse
1352.jpg,butterfly
1353.jpg,horse
1354.jpg,chicken
1355.jpg,dog
1356.jpg,spider
1357.jpg,dog
1358.jpg,squirrel
1359.jpg,butterfly
1360.jpg,cow
1361.jpg,dog
1362.jpg,horse
1363.jpg,butterfly
1364.jpg,butterfly
1365.jpg,dog
1366.jpg,horse
1367.jpg,elephant
1368.jpg,spider
1369.jpg,chicken
1370.jpg,spider
1371.jpg,butterfly
1372.jpg,spider
1373.jpg,horse
1374.jpg,spider
1375.jpg,cat
1376.jpg,cow
1377.jpg,chicken
1378.jpg,horse
1379.jpg,cat
1380.jpg,spider
1381.jpg,dog
1382.jpg,horse
1383.jpg,chicken
1384.jpg,dog
1385.jpg,spider
1386.jpg,spider
1387.jpg,cat
1388.jpg,cow
1389.jpg,dog
1390.jpg,cow
1391.jpg,spider
1392.jpg,cow
1393.jpg,sheep
1394.jpg,dog
1395.jpg,chicken
1396.jpg,butterfly
1397.jpg,cat
1398.jpg,spider
1399.jpg,cow
1400.jpg,elephant
1401.jpg,dog
1402.jpg,horse
1403.jpg,elephant
1404.jpg,squirrel
1405.jpg,dog
1406.jpg,squirrel
1407.jpg,squirrel
1408.jpg,elephant
1409.jpg,sheep
1410.jpg,cow
1411.jpg,horse
1412.jpg,butterfly
1413.jpg,spider
1414.jpg,sheep
1415.jpg,dog
1416.jpg,dog
1417.jpg,squirrel
1418.jpg,cow
1419.jpg,dog
1420.jpg,horse
1421.jpg,sheep
1422.jpg,dog
1423.jpg,butterfly
1424.jpg,cat
1425.jpg,horse
1426.jpg,chicken
1427.jpg,squirrel
1428.jpg,chicken
1429.jpg,butterfly
1430.jpg,horse
1431.jpg,cow
1432.jpg,horse
1433.jpg,cow
1434.jpg,horse
1435.jpg,squirrel
1436.jpg,cow
1437.jpg,chicken
1438.jpg,spider
1439.jpg,spider
1440.jpg,cat
1441.jpg,butterfly
1442.jpg,horse
1443.jpg,spider
1444.jpg,spider
1445.jpg,dog
1446.jpg,horse
1447.jpg,butterfly
1448.jpg,sheep
1449.jpg,spider
1450.jpg,horse
1451.jpg,squirrel
1452.jpg,squirrel
1453.jpg,cat
1454.jpg,horse
1455.jpg,chicken
1456.jpg,chicken
1457.jpg,spider
1458.jpg,spider
1459.jpg,cow
1460.jpg,chicken
1461.jpg,butterfly
1462.jpg,sheep
1463.jpg,horse
1464.jpg,cow
1465.jpg,horse
1466.jpg,dog
1467.jpg,spider
1468.jpg,spider
1469.jpg,spider
1470.jpg,cow
1471.jpg,chicken
1472.jpg,dog
1473.jpg,chicken
1474.jpg,dog
1475.jpg,dog
1476.jpg,horse
1477.jpg,spider
1478.jpg,horse
1479.jpg,spider
1480.jpg,elephant
1481.jpg,dog
1482.jpg,spider
1483.jpg,squirrel
1484.jpg,cow
1485.jpg,horse
1486.jpg,horse
1487.jpg,cat
1488.jpg,squirrel
1489.jpg,dog
1490.jpg,sheep
1491.jpg,squirrel
1492.jpg,cat
1493.jpg,chicken
1494.jpg,chicken
1495.jpg,chicken
1496.jpg,cow
1497.jpg,sheep
1498.jpg,butterfly
1499.jpg,dog
1500.jpg,cow
1501.jpg,chicken
1502.jpg,chicken
1503.jpg,sheep
1504.jpg,chicken
1505.jpg,elephant
1506.jpg,sheep
1507.jpg,butterfly
1508.jpg,horse
1509.jpg,chicken
1510.jpg,horse
1511.jpg,elephant
1512.jpg,squirrel
1513.jpg,elephant
1514.jpg,spider
1515.jpg,elephant
1516.jpg,sheep
1517.jpg,horse
1518.jpg,spider
1519.jpg,dog
1520.jpg,butterfly
1521.jpg,butterfly
1522.jpg,horse
1523.jpg,squirrel
1524.jpg,dog
1525.jpg,elephant
1526.jpg,spider
1527.jpg,horse
1528.jpg,horse
1529.jpg,cow
1530.jpg,spider
1531.jpg,sheep
1532.jpg,spider
1533.jpg,dog
1534.jpg,elephant
1535.jpg,cow
1536.jpg,sheep
1537.jpg,cat
1538.jpg,dog
1539.jpg,chicken
1540.jpg,sheep
1541.jpg,dog
1542.jpg,sheep
1543.jpg,spider
1544.jpg,spider
1545.jpg,chicken
1546.jpg,butterfly
1547.jpg,dog
1548.jpg,butterfly
1549.jpg,horse
1550.jpg,cow
1551.jpg,spider
1552.jpg,chicken
1553.jpg,elephant
1554.jpg,elephant
1555.jpg,squirrel
1556.jpg,spider
1557.jpg,sheep
1558.jpg,spider
1559.jpg,spider
1560.jpg,spider
1561.jpg,butterfly
1562.jpg,cow
1563.jpg,cow
1564.jpg,elephant
1565.jpg,elephant
1566.jpg,elephant
1567.jpg,dog
1568.jpg,horse
1569.jpg,chicken
1570.jpg,spider
1571.jpg,spider
1572.jpg,chicken
1573.jpg,cow
1574.jpg,cat
1575.jpg,dog
1576.jpg,spider
1577.jpg,elephant
1578.jpg,horse
1579.jpg,horse
1580.jpg,cat
1581.jpg,spider
1582.jpg,horse
1583.jpg,horse
1584.jpg,spider
1585.jpg,spider
1586.jpg,spider
1587.jpg,spider
1588.jpg,squirrel
1589.jpg,squirrel
1590.jpg,horse
1591.jpg,spider
1592.jpg,butterfly
1593.jpg,dog
1594.jpg,butterfly
1595.jpg,spider
1596.jpg,horse
1597.jpg,horse
1598.jpg,dog
1599.jpg,cow
1600.jpg,sheep
1601.jpg,sheep
1602.jpg,squirrel
1603.jpg,sheep
1604.jpg,dog
1605.jpg,spider
1606.jpg,horse
1607.jpg,cow
1608.jpg,sheep
1609.jpg,spider
1610.jpg,dog
1611.jpg,sheep
1612.jpg,horse
1613.jpg,chicken
1614.jpg,cat
1615.jpg,spider
1616.jpg,spider
1617.jpg,elephant
1618.jpg,cat
1619.jpg,chicken
1620.jpg,spider
1621.jpg,sheep
1622.jpg,chicken
1623.jpg,elephant
1624.jpg,dog
1625.jpg,horse
1626.jpg,squirrel
1627.jpg,spider
1628.jpg,spider
1629.jpg,butterfly
1630.jpg,squirrel
1631.jpg,sheep
1632.jpg,spider
1633.jpg,chicken
1634.jpg,sheep
1635.jpg,squirrel
1636.jpg,sheep
1637.jpg,dog
1638.jpg,dog
1639.jpg,horse
1640.jpg,spider
1641.jpg,horse
1642.jpg,cat
1643.jpg,elephant
1644.jpg,dog
1645.jpg,cow
1646.jpg,chicken
1647.jpg,elephant
1648.jpg,dog
1649.jpg,elephant
1650.jpg,cat
1651.jpg,cow
1652.jpg,chicken
1653.jpg,dog
1654.jpg,butterfly
1655.jpg,sheep
1656.jpg,elephant
1657.jpg,spider
1658.jpg,sheep
1659.jpg,chicken
1660.jpg,spider
1661.jpg,elephant
1662.jpg,chicken
1663.jpg,dog
1664.jpg,sheep
1665.jpg,horse
1666.jpg,butterfly
1667.jpg,cat
1668.jpg,spider
1669.jpg,chicken
1670.jpg,spider
1671.jpg,chicken
1672.jpg,cow
1673.jpg,dog
1674.jpg,spider
1675.jpg,chicken
1676.jpg,chicken
1677.jpg,butterfly
1678.jpg,horse
1679.jpg,butterfly
1680.jpg,horse
1681.jpg,sheep
1682.jpg,cow
1683.jpg,dog
1684.jpg,chicken
1685.jpg,cat
1686.jpg,spider
1687.jpg,squirrel
1688.jpg,cat
1689.jpg,sheep
1690.jpg,cow
1691.jpg,cat
1692.jpg,cow
1693.jpg,sheep
1694.jpg,chicken
1695.jpg,horse
1696.jpg,horse
1697.jpg,butterfly
1698.jpg,spider
1699.jpg,dog
1700.jpg,dog
1701.jpg,horse
1702.jpg,dog
1703.jpg,chicken
1704.jpg,chicken
1705.jpg,spider
1706.jpg,cat
1707.jpg,cow
1708.jpg,cow
1709.jpg,chicken
1710.jpg,spider
1711.jpg,horse
1712.jpg,chicken
1713.jpg,butterfly
1714.jpg,spider
1715.jpg,dog
1716.jpg,spider
1717.jpg,spider
1718.jpg,spider
1719.jpg,chicken
1720.jpg,elephant
1721.jpg,cat
1722.jpg,cat
1723.jpg,squirrel
1724.jpg,sheep
1725.jpg,dog
1726.jpg,cow
1727.jpg,dog
1728.jpg,spider
1729.jpg,butterfly
1730.jpg,dog
1731.jpg,chicken
1732.jpg,horse
1733.jpg,spider
1734.jpg,butterfly
1735.jpg,spider
1736.jpg,spider
1737.jpg,chicken
1738.jpg,squirrel
1739.jpg,dog
1740.jpg,cat
1741.jpg,dog
1742.jpg,sheep
1743.jpg,spider
1744.jpg,elephant
1745.jpg,cow
1746.jpg,spider
1747.jpg,horse
1748.jpg,dog
1749.jpg,chicken
1750.jpg,butterfly
1751.jpg,cow
1752.jpg,sheep
1753.jpg,butterfly
1754.jpg,sheep
1755.jpg,elephant
1756.jpg,butterfly
1757.jpg,spider
1758.jpg,squirrel
1759.jpg,spider
1760.jpg,elephant
1761.jpg,butterfly
1762.jpg,dog
1763.jpg,chicken
1764.jpg,butterfly
1765.jpg,dog
1766.jpg,horse
1767.jpg,cow
1768.jpg,dog
1769.jpg,squirrel
1770.jpg,cow
1771.jpg,dog
1772.jpg,dog
1773.jpg,cow
1774.jpg,elephant
1775.jpg,spider
1776.jpg,horse
1777.jpg,chicken
1778.jpg,cat
1779.jpg,dog
1780.jpg,cat
1781.jpg,dog
1782.jpg,sheep
1783.jpg,butterfly
1784.jpg,elephant
1785.jpg,spider
1786.jpg,dog
1787.jpg,elephant
1788.jpg,spider
1789.jpg,sheep
1790.jpg,dog
1791.jpg,cow
1792.jpg,chicken
1793.jpg,chicken
1794.jpg,chicken
1795.jpg,cow
1796.jpg,squirrel
1797.jpg,spider
1798.jpg,dog
1799.jpg,chicken
1800.jpg,dog
1801.jpg,elephant
1802.jpg,cow
1803.jpg,cow
1804.jpg,chicken
1805.jpg,chicken
1806.jpg,dog
1807.jpg,squirrel
1808.jpg,chicken
1809.jpg,spider
1810.jpg,spider
1811.jpg,squirrel
1812.jpg,squirrel
1813.jpg,cow
1814.jpg,squirrel
1815.jpg,spider
1816.jpg,squirrel
1817.jpg,dog
1818.jpg,sheep
1819.jpg,squirrel
1820.jpg,chicken
1821.jpg,cat
1822.jpg,spider
1823.jpg,butterfly
1824.jpg,sheep
1825.jpg,butterfly
1826.jpg,dog
1827.jpg,cow
1828.jpg,dog
1829.jpg,horse
1830.jpg,spider
1831.jpg,spider
1832.jpg,spider
1833.jpg,cow
1834.jpg,chicken
1835.jpg,butterfly
1836.jpg,dog
1837.jpg,horse
1838.jpg,cow
1839.jpg,butterfly
1840.jpg,butterfly
1841.jpg,chicken
1842.jpg,butterfly
1843.jpg,chicken
1844.jpg,dog
1845.jpg,dog
1846.jpg,spider
1847.jpg,dog
1848.jpg,butterfly
1849.jpg,spider
1850.jpg,butterfly
1851.jpg,cow
1852.jpg,spider
1853.jpg,elephant
1854.jpg,dog
1855.jpg,spider
1856.jpg,spider
1857.jpg,sheep
1858.jpg,horse
1859.jpg,sheep
1860.jpg,butterfly
1861.jpg,chicken
1862.jpg,squirrel
1863.jpg,butterfly
1864.jpg,dog
1865.jpg,chicken
1866.jpg,spider
1867.jpg,elephant
1868.jpg,spider
1869.jpg,sheep
1870.jpg,butterfly
1871.jpg,cow
1872.jpg,dog
1873.jpg,spider
1874.jpg,butterfly
1875.jpg,spider
1876.jpg,chicken
1877.jpg,butterfly
1878.jpg,spider
1879.jpg,sheep
1880.jpg,spider
1881.jpg,spider
1882.jpg,elephant
1883.jpg,horse
1884.jpg,cat
1885.jpg,spider
1886.jpg,horse
1887.jpg,spider
1888.jpg,cat
1889.jpg,squirrel
1890.jpg,squirrel
1891.jpg,spider
1892.jpg,cat
1893.jpg,dog
1894.jpg,chicken
1895.jpg,spider
1896.jpg,dog
1897.jpg,chicken
1898.jpg,butterfly
1899.jpg,butterfly
1900.jpg,chicken
1901.jpg,cow
1902.jpg,sheep
1903.jpg,cow
1904.jpg,horse
1905.jpg,elephant
1906.jpg,dog
1907.jpg,sheep
1908.jpg,spider
1909.jpg,cow
1910.jpg,dog
1911.jpg,squirrel
1912.jpg,chicken
1913.jpg,squirrel
1914.jpg,squirrel
1915.jpg,sheep
1916.jpg,chicken
1917.jpg,dog
1918.jpg,chicken
1919.jpg,squirrel
1920.jpg,elephant
1921.jpg,dog
1922.jpg,chicken
1923.jpg,sheep
1924.jpg,dog
1925.jpg,spider
1926.jpg,sheep
1927.jpg,spider
1928.jpg,sheep
1929.jpg,sheep
1930.jpg,horse
1931.jpg,chicken
1932.jpg,butterfly
1933.jpg,horse
1934.jpg,sheep
1935.jpg,squirrel
1936.jpg,cow
1937.jpg,sheep
1938.jpg,dog
1939.jpg,cat
1940.jpg,horse
1941.jpg,butterfly
1942.jpg,cow
1943.jpg,spider
1944.jpg,horse
1945.jpg,chicken
1946.jpg,spider
1947.jpg,spider
1948.jpg,spider
1949.jpg,sheep
1950.jpg,chicken
1951.jpg,butterfly
1952.jpg,chicken
1953.jpg,chicken
1954.jpg,sheep
1955.jpg,chicken
1956.jpg,squirrel
1957.jpg,cat
1958.jpg,spider
1959.jpg,cow
1960.jpg,sheep
1961.jpg,horse
1962.jpg,butterfly
1963.jpg,chicken
1964.jpg,sheep
1965.jpg,dog
1966.jpg,dog
1967.jpg,elephant
1968.jpg,chicken
1969.jpg,horse
1970.jpg,horse
1971.jpg,cow
1972.jpg,dog
1973.jpg,chicken
1974.jpg,squirrel
1975.jpg,spider
1976.jpg,elephant
1977.jpg,cow
1978.jpg,sheep
1979.jpg,dog
1980.jpg,butterfly
1981.jpg,cat
1982.jpg,cow
1983.jpg,squirrel
1984.jpg,spider
1985.jpg,spider
1986.jpg,cow
1987.jpg,butterfly
1988.jpg,cat
1989.jpg,elephant
1990.jpg,dog
1991.jpg,butterfly
1992.jpg,spider
1993.jpg,chicken
1994.jpg,horse
1995.jpg,chicken
1996.jpg,chicken
1997.jpg,cat
1998.jpg,butterfly
1999.jpg,chicken
2000.jpg,sheep
2001.jpg,spider
2002.jpg,spider
2003.jpg,chicken
2004.jpg,chicken
2005.jpg,spider
2006.jpg,cow
2007.jpg,chicken
2008.jpg,chicken
2009.jpg,dog
2010.jpg,spider
2011.jpg,squirrel
2012.jpg,chicken
2013.jpg,dog
2014.jpg,dog
2015.jpg,horse
2016.jpg,sheep
2017.jpg,spider
2018.jpg,horse
2019.jpg,horse
2020.jpg,chicken
2021.jpg,dog
2022.jpg,dog
2023.jpg,horse
2024.jpg,horse
2025.jpg,dog
2026.jpg,squirrel
2027.jpg,cow
2028.jpg,horse
2029.jpg,cat
2030.jpg,butterfly
2031.jpg,sheep
2032.jpg,spider
2033.jpg,squirrel
2034.jpg,cow
2035.jpg,chicken
2036.jpg,dog
2037.jpg,spider
2038.jpg,cat
2039.jpg,cat
2040.jpg,horse
2041.jpg,dog
2042.jpg,elephant
2043.jpg,cat
2044.jpg,horse
2045.jpg,chicken
2046.jpg,elephant
2047.jpg,cat
2048.jpg,cow
2049.jpg,butterfly
